{
  "swagger" : "2.0",
  "info" : {
    "title" : "HelloWorldAPI",
    "version" : "1.0.0",
    "description" : "HelloWorldAPI"
  },
  "paths" : {
    "/Customer" : {
      "get" : {
        "operationId" : "getCustomer",
        "responses" : {
          "200" : {
            "description" : "The operation was successful.",
            "schema" : {
              "$ref" : "#/definitions/Customer"
            }
          }
        },
        "produces" : [ "application/json" ],
        "description" : "Retrieve Customer"
      }
    }
  },
  "basePath" : "/helloworldapi/v1",
  "definitions" : {
    "Customer" : {
      "type" : "object",
      "properties" : {
        "SSN" : {
          "type" : "string"
        },
        "Name" : {
          "type" : "string"
        }
      }
    }
  }
}